{"House overall": [0.932833333, 0.934333333, 0.931816667, 1.02205, 1.1394, 1.391866667, 1.366216667, 1.4319, 1.6273, 1.735383333, 1.585083333, 1.510316667, 1.459866667, 0.840583333, 0.7032, 0.571883333, 0.485733333, 0.523166667, 0.5362, 0.53415, 0.533816667, 0.523633333, 0.57725, 0.679566667, 1.293166667, 1.546666667, 1.82235, 2.642516667, 1.73935, 1.1872], "Dishwasher": [3.33e-05, 0.0, 1.67e-05, 1.67e-05, 0.000133333, 0.000283333, 0.000283333, 0.00025, 0.000183333, 1.67e-05, 5e-05, 3.33e-05, 5e-05, 0.0, 1.67e-05, 0.0, 1.67e-05, 0.0, 0.0, 1.67e-05, 0.0, 1.67e-05, 0.0, 1.67e-05, 1.67e-05, 1.67e-05, 6.67e-05, 8.33e-05, 0.0001, 0.00025], "Home office": [0.442633333, 0.444066667, 0.446066667, 0.446583333, 0.446533333, 0.447033333, 0.443266667, 0.444283333, 0.441466667, 0.438733333, 0.4402, 0.43695, 0.43995, 0.444783333, 0.443833333, 0.307783333, 0.22045, 0.26005, 0.272066667, 0.270066667, 0.270033333, 0.259816667, 0.257, 0.2571, 0.2541, 0.253933333, 0.254533333, 0.255533333, 0.255816667, 0.256033333], "Fridge": [0.12415, 0.124, 0.123533333, 0.123133333, 0.12285, 0.1223, 0.12205, 0.1218, 0.121616667, 0.121633333, 0.12145, 0.12125, 0.121033333, 0.035016667, 0.004783333, 0.004916667, 0.004983333, 0.00495, 0.00495, 0.00495, 0.00495, 0.00495, 0.004983333, 0.005016667, 0.0052, 0.00555, 0.004916667, 0.004566667, 0.00475, 0.004566667], "Wine cellar": [0.006983333, 0.006983333, 0.006983333, 0.006983333, 0.00685, 0.006716667, 0.006733333, 0.006783333, 0.00695, 0.007233333, 0.007433333, 0.007316667, 0.007233333, 0.007033333, 0.006966667, 0.00705, 0.007033333, 0.007, 0.007033333, 0.0071, 0.007033333, 0.007033333, 0.007066667, 0.007116667, 0.00725, 0.007266667, 0.0071, 0.007033333, 0.007016667, 0.024716667], "Garage door": [0.013083333, 0.013116667, 0.013083333, 0.013, 0.012783333, 0.012433333, 0.012416667, 0.01255, 0.012716667, 0.01335, 0.013583333, 0.013533333, 0.013516667, 0.013183333, 0.013116667, 0.0131, 0.013116667, 0.013083333, 0.01315, 0.01315, 0.013116667, 0.013083333, 0.013133333, 0.0132, 0.01335, 0.013183333, 0.012783333, 0.012666667, 0.012716667, 0.0125], "Barn": [0.03135, 0.0315, 0.031516667, 0.0315, 0.0315, 0.03145, 0.03155, 0.031733333, 0.031766667, 0.031666667, 0.031666667, 0.03175, 0.031783333, 0.031783333, 0.03175, 0.031733333, 0.031833333, 0.03185, 0.031866667, 0.0319, 0.031816667, 0.031733333, 0.031683333, 0.031716667, 0.031566667, 0.031066667, 0.030966667, 0.088066667, 0.113516667, 0.031766667], "Well": [0.001016667, 0.001016667, 0.001, 0.001016667, 0.001016667, 0.001016667, 0.001033333, 0.001033333, 0.001016667, 0.001016667, 0.001, 0.001, 0.001, 0.001016667, 0.001016667, 0.001, 0.001, 0.001016667, 0.001016667, 0.001, 0.001016667, 0.001016667, 0.001016667, 0.001016667, 0.001, 0.001, 0.001016667, 0.0015, 0.001166667, 0.001066667], "Microwave": [0.004066667, 0.004066667, 0.004066667, 0.004066667, 0.004066667, 0.004066667, 0.004116667, 0.0042, 0.0042, 0.0042, 0.0042, 0.0042, 0.004216667, 0.004216667, 0.004233333, 0.004216667, 0.004233333, 0.00425, 0.004233333, 0.004233333, 0.004233333, 0.004216667, 0.004233333, 0.004216667, 0.0042, 0.004166667, 0.010066667, 1.040766667, 0.004383333, 0.0045], "Living room": [0.001516667, 0.00165, 0.00165, 0.001616667, 0.001583333, 0.001583333, 0.001533333, 0.00155, 0.001566667, 0.001616667, 0.001566667, 0.001566667, 0.001583333, 0.001616667, 0.00155, 0.001583333, 0.001616667, 0.001716667, 0.00165, 0.00175, 0.001566667, 0.001666667, 0.001516667, 0.00165, 0.001566667, 0.00165, 0.0016, 0.001366667, 0.001583333, 0.001166667], "Solar": [0.003483333, 0.003466667, 0.003466667, 0.003483333, 0.003466667, 0.003433333, 0.00345, 0.003416667, 0.003416667, 0.003416667, 0.003416667, 0.003433333, 0.00345, 0.003433333, 0.003433333, 0.00345, 0.00345, 0.003433333, 0.00345, 0.00345, 0.00345, 0.00345, 0.003416667, 0.003433333, 0.0034, 0.003433333, 0.003416667, 0.002033333, 0.003133333, 0.003083333], "temperature": [36.14, 36.14, 36.14, 36.14, 36.14, 36.14, 36.14, 36.14, 36.14, 36.14, 36.14, 36.14, 36.14, 36.14, 36.14, 36.14, 36.14, 36.14, 36.14, 36.14, 36.14, 36.14, 36.14, 36.14, 36.14, 36.14, 36.14, 36.14, 36.14, 36.14], "humidity": [0.62, 0.62, 0.62, 0.62, 0.62, 0.62, 0.62, 0.62, 0.62, 0.62, 0.62, 0.62, 0.62, 0.62, 0.62, 0.62, 0.62, 0.62, 0.62, 0.62, 0.62, 0.62, 0.62, 0.62, 0.62, 0.62, 0.62, 0.62, 0.62, 0.62], "visibility": [10, 10, 10, 10, 10, 10, 10, 10, 10, 10, 10, 10, 10, 10, 10, 10, 10, 10, 10, 10, 10, 10, 10, 10, 10, 10, 10, 10, 10, 10], "apparentTemperature": [29.26, 29.26, 29.26, 29.26, 29.26, 29.26, 29.26, 29.26, 29.26, 29.26, 29.26, 29.26, 29.26, 29.26, 29.26, 29.26, 29.26, 29.26, 29.26, 29.26, 29.26, 29.26, 29.26, 29.26, 29.26, 29.26, 29.26, 29.26, 29.26, 29.26], "pressure": [1016.91, 1016.91, 1016.91, 1016.91, 1016.91, 1016.91, 1016.91, 1016.91, 1016.91, 1016.91, 1016.91, 1016.91, 1016.91, 1016.91, 1016.91, 1016.91, 1016.91, 1016.91, 1016.91, 1016.91, 1016.91, 1016.91, 1016.91, 1016.91, 1016.91, 1016.91, 1016.91, 1016.91, 1016.91, 1016.91], "windSpeed": [9.18, 9.18, 9.18, 9.18, 9.18, 9.18, 9.18, 9.18, 9.18, 9.18, 9.18, 9.18, 9.18, 9.18, 9.18, 9.18, 9.18, 9.18, 9.18, 9.18, 9.18, 9.18, 9.18, 9.18, 9.18, 9.18, 9.18, 9.18, 9.18, 9.18], "cloudCover": [0.75, 0.75, 0.75, 0.75, 0.75, 0.75, 0.75, 0.75, 0.75, 0.75, 0.75, 0.75, 0.75, 0.75, 0.75, 0.75, 0.75, 0.75, 0.75, 0.75, 0.75, 0.75, 0.75, 0.75, 0.75, 0.75, 0.75, 0.75, 0.75, 0.75], "windBearing": [282, 282, 282, 282, 282, 282, 282, 282, 282, 282, 282, 282, 282, 282, 282, 282, 282, 282, 282, 282, 282, 282, 282, 282, 282, 282, 282, 282, 282, 282], "precipIntensity": [0, 0, 0, 0, 0, 0, 0, 0, 0, 0, 0, 0, 0, 0, 0, 0, 0, 0, 0, 0, 0, 0, 0, 0, 0, 0, 0, 0, 0, 0], "dewPoint": [24.4, 24.4, 24.4, 24.4, 24.4, 24.4, 24.4, 24.4, 24.4, 24.4, 24.4, 24.4, 24.4, 24.4, 24.4, 24.4, 24.4, 24.4, 24.4, 24.4, 24.4, 24.4, 24.4, 24.4, 24.4, 24.4, 24.4, 24.4, 24.4, 24.4], "precipProbability": [0, 0, 0, 0, 0, 0, 0, 0, 0, 0, 0, 0, 0, 0, 0, 0, 0, 0, 0, 0, 0, 0, 0, 0, 0, 0, 0, 0, 0, 0], "Furnace": [0.082616667, 0.08453333399999999, 0.083016667, 0.175416667, 0.300916666, 0.566916667, 0.5631166670000001, 0.6565000000000001, 0.81335, 0.85405, 0.7008333330000001, 0.642633334, 0.59935, 0.16575, 0.0827, 0.0843, 0.08405, 0.08275, 0.0836, 0.083316667, 0.08360000000000001, 0.083833333, 0.130433333, 0.21495, 0.7299, 0.900616667, 1.17365, 1.0743166670000002, 0.9828, 0.5167], "Kitchen": [0.000566667, 0.000566667, 0.0006167000000000001, 0.00065, 0.000783333, 0.00105, 0.0010666669999999999, 0.000933333, 0.000783367, 0.000416667, 0.000499967, 0.000433333, 0.00046666700000000004, 0.0008500329999999999, 0.0009666659999999999, 0.0008833329999999999, 0.0008333, 0.000850033, 0.00085, 0.000833333, 0.0008500000000000001, 0.00085, 0.000816633, 0.0007834, 0.0007833, 0.0007834, 0.0008500340000000001, 0.001000033, 0.0009500340000000001, 0.0013], "month": [1, 1, 1, 1, 1, 1, 1, 1, 1, 1, 1, 1, 1, 1, 1, 1, 1, 1, 1, 1, 1, 1, 1, 1, 1, 1, 1, 1, 1, 1], "day": [1, 1, 1, 1, 1, 1, 1, 1, 1, 1, 1, 1, 1, 1, 1, 1, 1, 1, 1, 1, 1, 1, 1, 1, 1, 1, 1, 1, 1, 1], "weekday": ["Friday", "Friday", "Friday", "Friday", "Friday", "Friday", "Friday", "Friday", "Friday", "Friday", "Friday", "Friday", "Friday", "Friday", "Friday", "Friday", "Friday", "Friday", "Friday", "Friday", "Friday", "Friday", "Friday", "Friday", "Friday", "Friday", "Friday", "Friday", "Friday", "Friday"], "hour": [5, 5, 5, 5, 5, 5, 5, 5, 5, 5, 5, 5, 5, 5, 5, 5, 5, 5, 5, 5, 5, 5, 5, 5, 5, 5, 5, 5, 5, 5], "minute": [0, 1, 2, 3, 4, 5, 6, 7, 8, 9, 10, 11, 12, 13, 14, 15, 16, 17, 18, 19, 20, 21, 22, 23, 24, 25, 26, 27, 28, 29]}