
{
    "dishwasher-predicted": [
        0.026446485329824562,
        0.027464809030540438,
        0.029314555389299196,
        0.029863255905515786,
        0.03044062688356703,
        0.03056661755394245,
        0.03494125453983393,
        0.028736049314463455,
        0.03357087763413257,
        0.026494388373462525,
        0.029271762376355998,
        0.030394744870590587,
        0.02926701589440741,
        0.03268065781228156,
        0.0319312978798207,
        0.029003605179330778,
        0.02798395123812704,
        0.03603942937704884,
        0.027856338576725103,
        0.024900035037072228,
        0.03547762083895745,
        0.026860936208842022,
        0.03511869018941539,
        0.026345192425654026,
        0.03054684619044859,
        0.03079314911050131,
        0.029108752093066945,
        0.03137230384387076,
        0.030056521152060554,
        0.03205603879607266
    ],
    "dishwasher-current":[0,0,0,0,0,0,0,0,0,0,0,0,0,0,0,0,0,0,0,0,0,0,0,0,0,0,0,0,0,0],
    "fridge-current":[0,0,0,0,0,0,0,0,0,0,0,0,0,0,0,0,0,0,0,0,0,0,0,0,0,0,0,0,0,0],
    "furnace-current":[0,0,0,0,0,0,0,0,0,0,0,0,0,0,0,0,0,0,0,0,0,0,0,0,0,0,0,0,0,0],
    "fridge-predicted": [
        0.07931745774322696,
        0.0790701725063228,
        0.07914463923673608,
        0.0807270392414354,
        0.07997689085265004,
        0.07830120670723567,
        0.07916346854093381,
        0.0769027376654592,
        0.07733281463706168,
        0.07087703458986176,
        0.07702709108733136,
        0.07794522134559986,
        0.08063847285366571,
        0.0830224892283681,
        0.08012000782546667,
        0.08238479962655668,
        0.08510946127948918,
        0.09514456442342804,
        0.10495158881579801,
        0.10386942518816886,
        0.09280402459722206,
        0.08978557200227402,
        0.08748543701939551,
        0.07782206928106176,
        0.08494433497148063,
        0.08427756260307578,
        0.08594139471249296,
        0.08306225874273634,
        0.08239122183228846,
        0.08315992641193928
    ],
    "furnace-predicted": [
        0.24102257831836063,
        0.3231747627473981,
        0.22918408713987215,
        0.21260773267630478,
        0.09958706225955802,
        0.13621174859905824,
        0.09132573751608586,
        0.1281664771646034,
        0.10113228243249076,
        0.241876643372532,
        0.14941062401140023,
        0.2565663085799517,
        0.11214326213210835,
        0.11060336887052319,
        0.37221288795011487,
        0.30020266841930976,
        0.367234175773673,
        0.35218320398262515,
        0.32880673224719026,
        0.23196676266205096,
        0.27750876491830495,
        0.24190419948184355,
        0.2681186063625816,
        0.2086989358311429,
        0.13095437288564607,
        0.17241380785945049,
        0.12350633130221988,
        0.12279807110377616,
        0.1753597490126352,
        0.132526751065344
    ]
}